process_id,start_time,end_time,duration
7,1,6,5
31,6,11,5
38,11,12,1
12,12,17,5
23,17,22,5
34,22,27,5
21,27,32,5
29,32,37,5
7,37,42,5
16,42,47,5
17,47,50,3
39,50,55,5
31,55,60,5
2,60,65,5
22,65,70,5
15,70,75,5
1,75,80,5
12,80,85,5
19,85,90,5
23,90,95,5
6,95,100,5
25,100,103,3
28,103,108,5
32,108,113,5
34,113,118,5
14,118,123,5
20,123,126,3
35,126,131,5
13,131,136,5
37,136,141,5
33,141,146,5
36,146,151,5
21,151,156,5
4,156,158,2
8,158,163,5
11,163,168,5
29,168,173,5
18,173,178,5
7,178,183,5
3,183,185,2
9,185,190,5
24,190,195,5
26,195,200,5
27,200,205,5
16,205,210,5
30,210,215,5
40,215,220,5
5,220,225,5
10,225,230,5
39,230,235,5
31,235,240,5
2,240,245,5
22,245,248,3
15,248,253,5
1,253,258,5
12,258,263,5
19,263,266,3
23,266,270,4
6,270,275,5
28,275,280,5
32,280,285,5
34,285,290,5
14,290,295,5
35,295,298,3
13,298,299,1
37,299,304,5
33,304,309,5
36,309,314,5
21,314,319,5
8,319,324,5
11,324,329,5
29,329,334,5
18,334,339,5
7,339,344,5
9,344,349,5
24,349,354,5
26,354,359,5
27,359,364,5
16,364,369,5
30,369,370,1
40,370,375,5
5,375,380,5
10,380,385,5
39,385,390,5
31,390,395,5
2,395,400,5
15,400,405,5
1,405,410,5
12,410,415,5
6,415,420,5
28,420,425,5
32,425,427,2
34,427,432,5
14,432,437,5
37,437,442,5
33,442,447,5
36,447,450,3
8,450,455,5
11,455,460,5
29,460,465,5
18,465,470,5
7,470,475,5
9,475,480,5
24,480,482,2
26,482,487,5
27,487,492,5
16,492,497,5
40,497,502,5
5,502,507,5
10,507,512,5
39,512,517,5
31,517,522,5
2,522,524,2
15,524,529,5
1,529,534,5
12,534,539,5
6,539,544,5
28,544,547,3
34,547,552,5
14,552,557,5
37,557,562,5
33,562,567,5
8,567,572,5
11,572,577,5
29,577,582,5
18,582,587,5
7,587,592,5
9,592,597,5
26,597,602,5
27,602,607,5
16,607,612,5
40,612,617,5
5,617,622,5
10,622,627,5
39,627,632,5
31,632,637,5
15,637,642,5
1,642,647,5
12,647,651,4
6,651,656,5
34,656,661,5
14,661,666,5
37,666,668,2
33,668,673,5
8,673,678,5
11,678,683,5
29,683,688,5
18,688,693,5
7,693,697,4
9,697,702,5
26,702,707,5
27,707,712,5
16,712,717,5
40,717,722,5
5,722,727,5
10,727,732,5
39,732,737,5
31,737,738,1
15,738,743,5
1,743,744,1
6,744,745,1
34,745,750,5
14,750,755,5
33,755,760,5
8,760,765,5
11,765,770,5
29,770,775,5
18,775,780,5
9,780,785,5
26,785,788,3
27,788,793,5
16,793,795,2
40,795,800,5
5,800,805,5
10,805,808,3
39,808,813,5
34,813,818,5
14,818,823,5
33,823,824,1
8,824,825,1
11,825,830,5
29,830,832,2
18,832,835,3
9,835,840,5
27,840,845,5
40,845,850,5
5,850,855,5
39,855,860,5
34,860,865,5
14,865,870,5
11,870,875,5
9,875,880,5
27,880,885,5
40,885,890,5
5,890,895,5
39,895,897,2
34,897,900,3
14,900,905,5
11,905,908,3
9,908,911,3
27,911,913,2
40,913,915,2
5,915,920,5
14,920,924,4
5,924,927,3
